ID,Name,Email,Product Title,Price,Quantity
1,Victor Savage,dolor.elit.pellentesque@icloud.net,,,
,,,Adam,9519,6
2,Hadassah Hull,inceptos.hymenaeos@icloud.net,,,
,,,Flynn,8352,4
,,,Seth,3218,4
,,,Garth,6250,4
3,Hashim House,auctor.non@protonmail.ca,,,
,,,Gabriel,2404,10
,,,Wang,6558,9
,,,Steel,1282,6
4,MacKenzie Branch,ornare.in@protonmail.ca,,,
5,Fatima David,ultrices.posuere@icloud.ca,,,
,,,Derek,9990,4
,,,Chaney,3611,9
,,,Flynn,1369,6
,,,Marvin,6593,9
,,,Hu,4851,9
,,,Declan,6073,10
,,,Fitzgerald,1297,6
,,,Carlos,4497,8
6,Selma Weiss,et.netus@icloud.ca,,,
,,,Aladdin,2636,6
,,,Fritz,9095,7
7,Chelsea Harvey,sociis@yahoo.ca,,,
,,,Brenden,6823,4
,,,Garrett,1402,8
,,,George,6353,6
,,,Hall,4486,6
8,Sylvia Juarez,consectetuer.cursus@aol.couk,,,
,,,Keith,6952,9
9,Geraldine Prince,ac.sem.ut@outlook.edu,,,
,,,Hamish,9953,10
,,,Brennan,8743,2
,,,Tarik,7922,7
,,,Brennan,3413,8
,,,Arsenio,8713,9
10,Yolanda Marshall,magna.cras.convallis@aol.edu,,,
,,,Jackson,2073,8
,,,Geoffrey,2096,1
,,,Charles,1005,7
,,,Jermaine,5998,3
,,,Jarrod,2585,5
,,,Charles,7261,5
,,,Yoshio,1487,8
,,,Zeph,9611,8
11,Merritt Buck,nam.porttitor@icloud.ca,,,
,,,Cairo,4091,2
,,,Jeremy,8136,4
,,,Hammett,2278,3
,,,Thaddeus,4989,5
,,,Abbot,1410,7
,,,Emery,9670,2
,,,Hilel,5983,6
12,Haviva Farley,feugiat.sed@google.org,,,
,,,Brandon,6982,3
13,Avye Bates,ut.aliquam.iaculis@yahoo.com,,,
,,,Hamilton,6747,1
,,,Tobias,7050,7
,,,Donovan,1828,1
,,,Zephania,9155,9
,,,Akeem,5733,6
,,,Rashad,9744,4
14,Valentine Lucas,gravida.mauris@icloud.com,,,
,,,Sylvester,1467,9
,,,August,3155,6
,,,Slade,2907,5
,,,Channing,5558,2
,,,Hamish,8821,2
,,,Ethan,8716,4
15,Jarrod Fuller,nullam.vitae@protonmail.edu,,,
,,,Jerry,3254,7
,,,Mason,3624,10
,,,Garrison,6243,9
16,Ursula Velazquez,sit.amet@protonmail.couk,,,
,,,Declan,4154,7
,,,Brenden,4794,6
,,,Stone,4467,3
,,,Fitzgerald,3931,9
,,,Cain,3991,9
17,Hakeem Williams,lorem.vehicula.et@aol.couk,,,
,,,Daniel,1785,9
,,,Alan,2616,8
,,,Adam,9046,9
,,,Oleg,4724,8
18,Natalie Brewer,sem.consequat@aol.com,,,
,,,Caleb,7067,1
,,,David,3928,1
19,Holmes Petty,cursus@protonmail.edu,,,
,,,Ian,5303,5
,,,Brett,2797,10
20,Silas Knapp,ut.sem@aol.net,,,
21,Felicia Chang,purus.duis.elementum@icloud.couk,,,
,,,Aladdin,8422,7
22,Nora Russo,ridiculus.mus@protonmail.couk,,,
,,,Ignatius,9299,5
23,Francis Dunn,sed.eget@aol.org,,,
,,,Felix,9298,4
,,,Sawyer,6692,9
,,,Noah,5083,3
24,Carl Perry,ultrices.vivamus@hotmail.couk,,,
,,,Ali,1581,2
,,,Mark,9868,7
25,Noelle Jacobs,ipsum@aol.net,,,
,,,Austin,6498,9
,,,Vincent,1781,6
,,,Leo,2017,8
,,,Ashton,3620,7
26,Cassady Sanchez,neque@outlook.com,,,
,,,Duncan,4369,4
,,,Kenneth,1294,2
,,,Arthur,9850,9
,,,Steven,6348,10
,,,Raphael,8837,9
,,,Brandon,4423,4
,,,Austin,8175,1
27,Jeremy Patel,molestie.sed@aol.com,,,
,,,Porter,4135,3
,,,Avram,5709,6
,,,Kennedy,8734,5
28,Nell Mack,mollis.vitae@aol.ca,,,
,,,Colt,6577,5
,,,Noble,2852,9
,,,Basil,4746,5
,,,Damian,3287,9
,,,Moses,9512,2
29,Ryan Todd,eu.arcu@hotmail.net,,,
,,,Barry,8941,7
,,,Wesley,7534,7
,,,Elliott,7187,6
30,Dorothy Simmons,non.feugiat@hotmail.com,,,
